Title,Link
How to Create a Section Divider Using CSS,https://www.freecodecamp.org/news/section-divider-using-css/
Python Find in List – How to Find the Index of an Item or Element in a List,https://www.freecodecamp.org/news/python-find-in-list-how-to-find-the-index-of-an-item-or-element-in-a-list/
What is len() in Python? How to Use the len() Function to Find the Length of a String,https://www.freecodecamp.org/news/what-is-len-in-python-how-to-use-the-len-function-to-find-the-length-of-a-string/
Flutter Course for Beginners – 37-hour Android App Development Tutorial,https://www.freecodecamp.org/news/learn-flutter-full-course/
Learn the Basics of the Linux Operating System,https://www.freecodecamp.org/news/learn-the-basics-of-the-linux-operating-system/
Learn NestJS by Building a CRUD API,https://www.freecodecamp.org/news/learn-nestjs-by-building-a-crud-api/
What Backend Should You Use for React?,https://www.freecodecamp.org/news/backend-for-react-projects/
How to Install C and C++ Compilers on Windows,https://www.freecodecamp.org/news/how-to-install-c-and-cpp-compiler-on-windows/
How to Use localStorage with React Hooks to Set and Get Items,https://www.freecodecamp.org/news/how-to-use-localstorage-with-react-hooks-to-set-and-get-items/
10 React Interview Questions You Should Know in 2022,https://www.freecodecamp.org/news/react-interview-questions-to-know/
Working from Home – Tips to Help You Stay Productive,https://www.freecodecamp.org/news/working-from-home-tips-to-stay-productive/
Online Coding Classes – For Beginners [2022 Guide],https://www.freecodecamp.org/news/online-coding-classes-for-beginners-2022-guide/
What Is Low-Code Development?,https://www.freecodecamp.org/news/what-is-low-code/
Python String to Array – How to Convert Text to a List,https://www.freecodecamp.org/news/python-string-to-array-how-to-convert-text-to-a-list/
How to Build a RESTful API Using Node  Express  and MongoDB,https://www.freecodecamp.org/news/build-a-restful-api-using-node-express-and-mongodb/
Linux ln – How to Create a Symbolic Link in Linux [Example Bash Command],https://www.freecodecamp.org/news/linux-ln-how-to-create-a-symbolic-link-in-linux-example-bash-command/
How to Manage State in Your React Apps,https://www.freecodecamp.org/news/how-to-manage-state-in-your-react-apps/
How to Remove a Key from a Python Dictionary – Delete Key from Dict,https://www.freecodecamp.org/news/how-to-remove-a-key-from-a-python-dictionary-delete-key-from-dict/
How to Install Python on Windows,https://www.freecodecamp.org/news/how-to-install-python-in-windows-operating-system/
VGA No Signal – How to Fix a Monitor Connection on Windows 10 PC,https://www.freecodecamp.org/news/vga-no-signal-how-to-fix-a-monitor-connection-on-windows-10-pc/
How to Build a Custom Dashboard with WordPress APIs and React,https://www.freecodecamp.org/news/build-a-custom-dashboard-with-wordpress-apis-and-react/
Learn C++ Programming for Beginners – Free 31-Hour Course,https://www.freecodecamp.org/news/learn-c-with-free-31-hour-course/
CSS Overflow – Visible  Scroll  Auto  or Hidden? The Overflow Property Explained,https://www.freecodecamp.org/news/css-overflow-visible-scroll-auto-hidden/
How to Set Up VSCode for Your React Projects,https://www.freecodecamp.org/news/vscode-react-setup/
How to Add Diagrams to GitHub Markdown Files,https://www.freecodecamp.org/news/how-to-add-diagrams-to-github-readme/
